{
  "water_per_person_lpd": {
    "r2": 0.9808397818190254,
    "mae": 0.19494983463779553
  },
  "food_kg_per_person_per_year": {
    "r2": 0.9900399219066267,
    "mae": 0.4215664193823955
  },
  "shelter_units_needed_per_1000": {
    "r2": -0.32499201518583964,
    "mae": 0.1503546794876265
  },
  "clothing_kg_per_person_per_year": {
    "r2": 0.9078048306299744,
    "mae": 0.34438959460914575
  },
  "healthcare_need_index": {
    "r2": -1.2573130221813038,
    "mae": 0.03691230414052644
  }
}